Name,Amenity,Latitude,Longitude
Unknown,Unknown,33.2416028,-8.4980214
El Jadida ⵊⴷⵉⴷⴰ الجديدة,Unknown,33.2433309,-8.49884
Unknown,Unknown,33.2149044,-8.5377154
Camp International El Jadida,Unknown,33.2401229,-8.4877113
Unknown,Unknown,33.2441389,-8.4876503
Unknown,Unknown,33.2268433,-8.5450185
Unknown,Unknown,33.2459745,-8.5193874
Unknown,Unknown,33.2460332,-8.5065144
Afriquia أفريقيا,fuel,33.2191954,-8.5518978
El Jadida Airport - CLOSED,Unknown,33.2324378,-8.52285
Sidi Bouzid ⵙⵉⴷⵉ ⴱⵓⵣⵉⴷ سيدي بوزيد,Unknown,33.229519,-8.550912
Unknown,Unknown,33.2483489,-8.5172278
Afriquia أفريقيا,fuel,33.243116,-8.5125154
Unknown,Unknown,33.2301458,-8.4978221
Unknown,Unknown,33.2346126,-8.5026378
Unknown,Unknown,33.2348362,-8.5026712
Unknown,Unknown,33.2478245,-8.5177074
Unknown,Unknown,33.2347843,-8.5029704
Unknown,Unknown,33.2298122,-8.4972838
Unknown,Unknown,33.2345282,-8.5028936
Gare d'El Jadida,Unknown,33.2186527,-8.5105594
Unknown,fuel,33.2204551,-8.4926162
Unknown,Unknown,33.2416493,-8.4979392
Unknown,Unknown,33.2421984,-8.4986316
Afriquia,fuel,33.2066829,-8.4930324
Unknown,Unknown,33.2266355,-8.4933401
Unknown,Unknown,33.2419751,-8.4975091
Unknown,Unknown,33.2419039,-8.4975433
Unknown,Unknown,33.2423548,-8.4977612
Unknown,Unknown,33.2444955,-8.4790716
Unknown,Unknown,33.2370819,-8.4828797
Unknown,Unknown,33.2443146,-8.494388
Unknown,Unknown,33.2369423,-8.4826927
Unknown,Unknown,33.2372346,-8.4825932
Unknown,Unknown,33.2480309,-8.5137587
Unknown,Unknown,33.2518429,-8.5073541
Unknown,Unknown,33.2493359,-8.5051268
Unknown,Unknown,33.2428462,-8.5165465
Unknown,Unknown,33.2421376,-8.5163537
Unknown,Unknown,33.2502604,-8.5160404
Unknown,Unknown,33.2528051,-8.5083626
Unknown,Unknown,33.250183,-8.5165635
Unknown,Unknown,33.2531707,-8.5072897
Unknown,Unknown,33.2506333,-8.5061424
Unknown,Unknown,33.2502887,-8.5075459
Unknown,Unknown,33.2527468,-8.5073132
Unknown,Unknown,33.2457725,-8.51335
Unknown,Unknown,33.2523913,-8.5085021
Unknown,Unknown,33.2531696,-8.5078476
Unknown,Unknown,33.2499419,-8.5169987
Unknown,Unknown,33.2512271,-8.5057823
Unknown,Unknown,33.2480253,-8.5097583
Unknown,Unknown,33.2476418,-8.5109042
Unknown,Unknown,33.2516477,-8.5074761
Unknown,Unknown,33.2428971,-8.5160417
Unknown,Unknown,33.251753,-8.5060299
Unknown,Unknown,33.2501224,-8.5080475
Unknown,Unknown,33.2514515,-8.5075888
Unknown,Unknown,33.2524945,-8.5080354
Unknown,Unknown,33.2498981,-8.5083371
Unknown,Unknown,33.2524373,-8.5045056
Unknown,Unknown,33.2504309,-8.5070202
Unknown,Unknown,33.252592,-8.5088548
Unknown,Unknown,33.2503871,-8.5155657
Unknown,Unknown,33.2522545,-8.5047188
Unknown,Unknown,33.2446012,-8.5156314
Unknown,Unknown,33.2480045,-8.5068327
Unknown,Unknown,33.2443826,-8.5054171
Unknown,Unknown,33.2421404,-8.5186239
Unknown,Unknown,33.2460962,-8.5082845
Unknown,Unknown,33.2469029,-8.5085767
Unknown,Unknown,33.2531427,-8.5079107
Unknown,Unknown,33.2501067,-8.5166936
Unknown,Unknown,33.2536221,-8.5069032
Unknown,Unknown,33.2513516,-8.5056482
Unknown,Unknown,33.2472521,-8.5108746
Unknown,Unknown,33.2470013,-8.5076002
Unknown,Unknown,33.2501729,-8.5078812
Unknown,Unknown,33.2489651,-8.5056116
Unknown,Unknown,33.2516798,-8.5079318
Unknown,Unknown,33.2524563,-8.5081051
Unknown,Unknown,33.2532492,-8.5076729
Unknown,Unknown,33.2525887,-8.5043903
Unknown,Unknown,33.2509198,-8.5061042
Unknown,Unknown,33.2483796,-8.5100954
Unknown,Unknown,33.2483363,-8.51094
Unknown,Unknown,33.2454028,-8.5093322
Unknown,Unknown,33.2521176,-8.5071972
Unknown,Unknown,33.2526762,-8.5077967
Unknown,Unknown,33.2437954,-8.5066042
Unknown,Unknown,33.250414,-8.5071704
Unknown,Unknown,33.2525225,-8.5089675
Unknown,Unknown,33.2526717,-8.5087153
Unknown,Unknown,33.2470509,-8.5087412
Unknown,Unknown,33.2528294,-8.507621
Unknown,Unknown,33.2520503,-8.5049079
Unknown,Unknown,33.2429774,-8.5145305
Unknown,Unknown,33.2522219,-8.5087985
Unknown,Unknown,33.2532235,-8.5077336
Unknown,Unknown,33.2511015,-8.5059151
Unknown,Unknown,33.247981,-8.5109151
Unknown,Unknown,33.251328,-8.5082399
Unknown,Unknown,33.2425855,-8.517922
Unknown,Unknown,33.2533031,-8.5070845
Unknown,Unknown,33.2500708,-8.5081494
Unknown,Unknown,33.2443553,-8.5128057
Unknown,Unknown,33.2513034,-8.5073447
Unknown,Unknown,33.2526077,-8.5078745
Unknown,Unknown,33.2534532,-8.5074851
Unknown,Unknown,33.2523365,-8.5046228
Unknown,Unknown,33.250626,-8.5065092
Unknown,Unknown,33.2427738,-8.5169001
Unknown,Unknown,33.2503647,-8.5151634
Unknown,Unknown,33.2509591,-8.5069075
Unknown,Unknown,33.2456694,-8.5101445
Unknown,Unknown,33.252468,-8.5054412
Unknown,Unknown,33.2521389,-8.5048194
Unknown,Unknown,33.2496121,-8.5047669
Unknown,Unknown,33.250528,-8.5058552
Unknown,Unknown,33.2420348,-8.5151177
Unknown,Unknown,33.2464188,-8.5083856
Unknown,Unknown,33.2428752,-8.5162548
Unknown,Unknown,33.2527603,-8.5085524
Unknown,Unknown,33.2506995,-8.5062584
Unknown,Unknown,33.2527704,-8.5073943
Unknown,Unknown,33.2468562,-8.5104571
Unknown,Unknown,33.2499388,-8.506596
Unknown,Unknown,33.2477379,-8.5094349
Unknown,Unknown,33.2523621,-8.5085671
Unknown,Unknown,33.253283,-8.5076194
Unknown,Unknown,33.2507342,-8.5063074
Unknown,Unknown,33.250274,-8.503931
Unknown,Unknown,33.2510823,-8.5067466
Unknown,Unknown,33.2429173,-8.5157105
Unknown,Unknown,33.2508724,-8.5079296
Unknown,Unknown,33.244933,-8.512739
Unknown,Unknown,33.2528028,-8.5076641
Unknown,Unknown,33.2507264,-8.5033692
Unknown,Unknown,33.2500114,-8.5082419
Unknown,Unknown,33.2425008,-8.5186557
Unknown,Unknown,33.2504522,-8.506878
Unknown,Unknown,33.2527401,-8.5085879
Unknown,Unknown,33.2484502,-8.5011239
Unknown,Unknown,33.2509984,-8.5066232
Unknown,Unknown,33.2528208,-8.5075486
Unknown,Unknown,33.2553789,-8.5035359
Unknown,Unknown,33.2518709,-8.5051158
Unknown,Unknown,33.2482332,-8.5064856
Unknown,Unknown,33.2495057,-8.5071385
Unknown,Unknown,33.2421506,-8.5178545
Unknown,Unknown,33.2466704,-8.5084598
Unknown,Unknown,33.252278,-8.5086717
Unknown,Unknown,33.2529689,-8.5081601
Unknown,Unknown,33.2531752,-8.5071476
Unknown,Unknown,33.2527513,-8.5071382
Unknown,Unknown,33.2515232,-8.5054739
Unknown,Unknown,33.2471143,-8.5066949
Unknown,Unknown,33.2429644,-8.5150681
Unknown,Unknown,33.246364,-8.5110278
Unknown,Unknown,33.2532468,-8.5069116
Unknown,Unknown,33.2447803,-8.5125509
Unknown,Unknown,33.2518055,-8.5080916
Unknown,Unknown,33.2524171,-8.5083291
Unknown,Unknown,33.24867,-8.5059373
Unknown,Unknown,33.2504993,-8.5067412
Unknown,Unknown,33.2462162,-8.5127736
Unknown,Unknown,33.2420021,-8.5149054
Unknown,Unknown,33.2514762,-8.5024047
Hotel Le Palais Andalous,Unknown,33.2516714,-8.5097191
Unknown,theatre,33.2521503,-8.5020253
Unknown,cafe,33.2563141,-8.5055635
Unknown,Unknown,33.2573281,-8.5033534
L1-L5-L19 Ahfir,Unknown,33.2573929,-8.5038669
Unknown,Unknown,33.2438407,-8.5221887
Unknown,Unknown,33.2486342,-8.5069489
Unknown,Unknown,33.2475226,-8.5094863
Unknown,Unknown,33.24568,-8.5073359
Unknown,Unknown,33.2453008,-8.5082044
Unknown,Unknown,33.2457247,-8.5082245
Unknown,Unknown,33.2465249,-8.505266
Unknown,Unknown,33.2495875,-8.5161386
Unknown,Unknown,33.2503392,-8.5075649
Unknown,Unknown,33.2495566,-8.5070675
Unknown,Unknown,33.2504504,-8.5074432
Unknown,Unknown,33.2503562,-8.5038346
Unknown,Unknown,33.2485867,-8.5060516
Unknown,Unknown,33.2445785,-8.4790662
Unknown,Unknown,33.2458333,-8.5069794
Unknown,Unknown,33.2476872,-8.5094937
Unknown,Unknown,33.2454864,-8.5077363
Unknown,Unknown,33.2476349,-8.5178754
Unknown,Unknown,33.246429,-8.514054
Unknown,Unknown,33.2481881,-8.517354
Unknown,Unknown,33.2453271,-8.5146729
Unknown,Unknown,33.24975,-8.5165333
Unknown,Unknown,33.2643333,-8.5096667
Unknown,Unknown,33.2567938,-8.4953574
Unknown,Unknown,33.2564157,-8.4976987
Riad La VIlla & SPA,Unknown,33.2589196,-8.5059665
Unknown,parking,33.2585921,-8.50473
Unknown,Unknown,33.25909,-8.49291
Unknown,Unknown,33.2503274,-8.5169759
Acima,Unknown,33.2434588,-8.5133281
Unknown,Unknown,33.2442118,-8.4949638
Ecole Ihsane 3,school,33.228808,-8.4973994
Ecole Ihsane 2,school,33.2336361,-8.4981236
Unknown,Unknown,33.2394599,-8.5292383
Unknown,Unknown,33.2477145,-8.5176984
L'express café,cafe,33.2583801,-8.5100379
Ibis Budget,Unknown,33.2444671,-8.4890195
Ibis,Unknown,33.2448709,-8.4902426
Unknown,fuel,33.2443954,-8.4907898
Unknown,cafe,33.2439198,-8.4883865
Unknown,restaurant,33.2439099,-8.488784
Unknown,Unknown,33.2185352,-8.5056119
Unknown,Unknown,33.2177155,-8.4995051
Unknown,Unknown,33.2180431,-8.5017957
Unknown,Unknown,33.2172173,-8.4959002
Unknown,Unknown,33.2421474,-8.5179689
Unknown,Unknown,33.2421407,-8.5168038
Unknown,Unknown,33.2420934,-8.5155142
El Jadida Essaada,post_office,33.242,-8.528
Sidi Bouzid,post_office,33.229,-8.55
El Jadida PPAL,post_office,33.2514212,-8.5020795
Unknown,Unknown,33.2420227,-8.5248722
Unknown,Unknown,33.1919159,-8.489293
Unknown,Unknown,33.1920089,-8.4893263
Unknown,Unknown,33.1949025,-8.4884552
Riad Soleil D'Orient,Unknown,33.2567576,-8.5092751
Unknown,fuel,33.2016251,-8.4935992
Unknown,Unknown,33.2366121,-8.4831922
Unknown,Unknown,33.2378472,-8.4956729
Unknown,Unknown,33.2477467,-8.5161602
Unknown,Unknown,33.2477819,-8.5146262
Unknown,Unknown,33.2477385,-8.5155099
Unknown,Unknown,33.2479536,-8.5152634
Unknown,Unknown,33.2464764,-8.5141102
Unknown,Unknown,33.2466658,-8.514993
Unknown,Unknown,33.2467011,-8.5187221
Unknown,Unknown,33.2474026,-8.5142072
Unknown,Unknown,33.2458262,-8.5134248
Unknown,Unknown,33.2454933,-8.5138492
Unknown,Unknown,33.2481799,-8.5156368
Unknown,Unknown,33.2432487,-8.515822
Unknown,Unknown,33.2421304,-8.5160198
Unknown,Unknown,33.2433185,-8.5147593
Unknown,Unknown,33.2439284,-8.5154545
Unknown,Unknown,33.2421278,-8.5159718
Unknown,Unknown,33.2426784,-8.5152049
Unknown,Unknown,33.2424844,-8.5158795
Unknown,Unknown,33.2441515,-8.5157194
Unknown,Unknown,33.2437027,-8.5151958
Unknown,Unknown,33.242527,-8.5155389
Unknown,Unknown,33.2444993,-8.5070339
Camp caravaning Int.,Unknown,33.2407,-8.48725
Unknown,Unknown,33.1957442,-8.4833028
radar fix,Unknown,33.24343,-8.47066
radar fix,Unknown,33.24393,-8.46849
bab al mellah,Unknown,33.2561616,-8.5034834
Hôtel La Place,Unknown,33.2513354,-8.5035402
Tout Change,bureau_de_change,33.252547,-8.5026349
arret,Unknown,33.220577,-8.4913105
Hotel El Jadida فندق الجديدة,Unknown,33.2551039,-8.5056758
Café FALORA,cafe,33.2508245,-8.5320497
Riad La Maison des Épices à El Jadida,Unknown,33.2534475,-8.5051557
MODHILA,cafe,33.2290005,-8.5007341
Jawad,Unknown,33.2526478,-8.5125358
Residence SOPRIJA,Unknown,33.2414459,-8.5249204
Unknown,Unknown,33.191779,-8.4667496
Unknown,Unknown,33.2024895,-8.4565626
Unknown,Unknown,33.207346,-8.4518794
Unknown,Unknown,33.2191631,-8.4567208
Unknown,Unknown,33.2111431,-8.4524052
Unknown,Unknown,33.2134702,-8.4533815
Unknown,Unknown,33.2210604,-8.4585633
Unknown,Unknown,33.1928519,-8.4663312
Unknown,Unknown,33.2148009,-8.4538965
Unknown,Unknown,33.1992082,-8.459792
Unknown,Unknown,33.2121305,-8.4528397
Unknown,Unknown,33.1969818,-8.4620289
Unknown,Unknown,33.2222507,-8.4597329
Unknown,Unknown,33.190715,-8.4671734
Unknown,Unknown,33.2201684,-8.457673
Unknown,Unknown,33.1980007,-8.4609453
Unknown,Unknown,33.2014122,-8.4576355
Unknown,Unknown,33.1949079,-8.4641908
Unknown,Unknown,33.203459,-8.4556506
Unknown,Unknown,33.1939248,-8.4653227
Unknown,Unknown,33.2268997,-8.4607039
Unknown,Unknown,33.2173097,-8.4548808
Unknown,Unknown,33.2099829,-8.4518124
Unknown,Unknown,33.2236037,-8.4610445
Unknown,Unknown,33.2242342,-8.4617178
Unknown,Unknown,33.1892964,-8.4676508
Unknown,Unknown,33.2159117,-8.4543417
Unknown,Unknown,33.2255916,-8.4611974
Unknown,Unknown,33.218205,-8.455774
Unknown,Unknown,33.2044959,-8.4546475
Unknown,Unknown,33.2063721,-8.4527968
Unknown,Unknown,33.1959807,-8.4631447
Unknown,Unknown,33.200308,-8.4586976
Unknown,Unknown,33.2329904,-8.533745
Unknown,restaurant,33.2537823,-8.5026335
Unknown,Unknown,33.234832,-8.4948852
Jad 979,bank,33.2263333,-8.5517222
hôtel Bordeaux,Unknown,33.2541361,-8.505391
Unknown,Unknown,33.2392529,-8.4966522
Unknown,Unknown,33.2345362,-8.5352069
Unknown,Unknown,33.2345935,-8.5352784
Unknown,Unknown,33.2185608,-8.5548218
El Jadida,Unknown,33.2184402,-8.5105788
Afriqua,fuel,33.2247818,-8.5295104
Marjane,Unknown,33.2241868,-8.5304697
Unknown,Unknown,33.2438669,-8.4875009
Unknown,Unknown,33.2445857,-8.4944265
Unknown,Unknown,33.2443779,-8.4942523
Unknown,Unknown,33.2446452,-8.4948161
Unknown,Unknown,33.2488725,-8.4988019
Unknown,Unknown,33.2492665,-8.4992022
Unknown,Unknown,33.2491835,-8.4990034
Unknown,Unknown,33.2491206,-8.4991478
Unknown,Unknown,33.2481665,-8.5068675
Unknown,Unknown,33.229985,-8.4839332
Unknown,Unknown,33.2299506,-8.4845988
Unknown,Unknown,33.244203,-8.487691
Unknown,Unknown,33.2440384,-8.4876665
masjid elbostan,place_of_worship,33.2322313,-8.4835826
Unknown,cafe,33.2561717,-8.5044271
Unknown,Unknown,33.2440481,-8.4872276
Unknown,Unknown,33.2441283,-8.4872276
Unknown,Unknown,33.2443937,-8.4942855
Unknown,Unknown,33.2442924,-8.4943467
Unknown,Unknown,33.2441668,-8.4950417
Bim,Unknown,33.2349394,-8.4937134
Unknown,Unknown,33.2471963,-8.5035785
Unknown,Unknown,33.2461385,-8.5050352
Unknown,Unknown,33.2468048,-8.5044972
Car park underground,parking,33.2527453,-8.5039643
Restaurant Le Tit,restaurant,33.2512385,-8.5016367
Unknown,place_of_worship,33.2562218,-8.5032211
Unknown,theatre,33.2562441,-8.5032376
Bastion de l'Anges,Unknown,33.2559138,-8.5003963
Unknown,Unknown,33.2554686,-8.5033123
Unknown,Unknown,33.2582987,-8.5014293
Unknown,Unknown,33.2571035,-8.5045903
Unknown,Unknown,33.2524063,-8.5013067
Unknown,Unknown,33.2524524,-8.5013721
Unknown,parking,33.2245571,-8.5313929
Total,fuel,33.2037549,-8.4932378
Unknown,Unknown,33.2220952,-8.4935009
Unknown,Unknown,33.2182944,-8.5038512
Unknown,Unknown,33.2215281,-8.4911249
Unknown,Unknown,33.2210542,-8.489084
Unknown,Unknown,33.221873,-8.4923198
Unknown,Unknown,33.2221813,-8.4932708
Unknown,Unknown,33.2174282,-8.4976338
JAD 654,driving_school,33.2314796,-8.5235257
JAD 692,Unknown,33.2319861,-8.4930278
JAD 651,driving_school,33.2284607,-8.5039947
JAD 662,Unknown,33.2235056,-8.5317611
Dar El Jadida,Unknown,33.2574832,-8.5022245
Unknown,Unknown,33.2341389,-8.4937781
Unknown,Unknown,33.2341558,-8.4936909
Unknown,Unknown,33.2333975,-8.4935769
Unknown,Unknown,33.2334154,-8.493475
Unknown,Unknown,33.2397851,-8.497265
Unknown,Unknown,33.2396594,-8.4972209
Unknown,Unknown,33.2395916,-8.4970732
Unknown,Unknown,33.2396208,-8.4969927
Unknown,Unknown,33.2385215,-8.4964523
Unknown,Unknown,33.2385686,-8.4963517
Unknown,Unknown,33.2378586,-8.4958005
Unknown,Unknown,33.2378126,-8.4959024
Unknown,Unknown,33.2363746,-8.4947276
Unknown,Unknown,33.2363207,-8.4948362
Unknown,Unknown,33.236369,-8.4945955
Unknown,Unknown,33.2352966,-8.4941348
Unknown,Unknown,33.2352596,-8.4942321
Unknown,Unknown,33.2352652,-8.4940167
Unknown,Unknown,33.2344798,-8.5024909
Unknown,Unknown,33.2344299,-8.502577
Unknown,Unknown,33.2348449,-8.5028925
Unknown,Unknown,33.2348015,-8.5029894
Unknown,Unknown,33.235931,-8.5042431
Société Générale سوسيتيه جنرال,bank,33.2251005,-8.4998453
Unknown,Unknown,33.2254029,-8.5074214
Unknown,Unknown,33.2257341,-8.507489
Unknown,Unknown,33.2287451,-8.5070855
Unknown,Unknown,33.2339729,-8.503597
Unknown,Unknown,33.2340481,-8.5036741
Unknown,Unknown,33.2340492,-8.5035038
Unknown,Unknown,33.2341154,-8.5035843
Unknown,Unknown,33.2263542,-8.4936748
Unknown,Unknown,33.2262493,-8.4936829
Attijarawafa Bank,bank,33.225694,-8.4984317
Pharmacie La Faculté صيدلية الكلية,pharmacy,33.2296505,-8.4885608
Pharmacie Al Firdaous صيدلية الفردوس,pharmacy,33.2267272,-8.4906882
Unknown,Unknown,33.2263542,-8.4929788
Unknown,Unknown,33.2262559,-8.492952
Unknown,Unknown,33.2192395,-8.4815951
Unknown,Unknown,33.211873,-8.4546376
Unknown,Unknown,33.2124519,-8.4569121
Unknown,Unknown,33.219507,-8.4819827
Unknown,Unknown,33.2137512,-8.4617454
Unknown,Unknown,33.2154611,-8.468223
Unknown,Unknown,33.2213334,-8.4887338
Unknown,Unknown,33.2205478,-8.4873552
Unknown,Unknown,33.2179694,-8.476794
Unknown,Unknown,33.2207901,-8.4877375
Unknown,Unknown,33.219866,-8.4832621
Unknown,Unknown,33.2131341,-8.4593824
Unknown,Unknown,33.2193815,-8.4827371
Unknown,Unknown,33.2143616,-8.464036
Unknown,Unknown,33.2212905,-8.4892931
Unknown,Unknown,33.2110785,-8.4517408
Unknown,Unknown,33.2172047,-8.4746844
Unknown,Unknown,33.2185935,-8.4789346
Unknown,Unknown,33.2196816,-8.4832849
Unknown,Unknown,33.2161388,-8.4705913
Unknown,Unknown,33.2200725,-8.4853176
Unknown,Unknown,33.2183872,-8.4789228
Unknown,Unknown,33.2203346,-8.4857124
Unknown,Unknown,33.2208645,-8.486977
Unknown,Unknown,33.2203417,-8.485019
Unknown,Unknown,33.2217867,-8.4904907
Unknown,Unknown,33.2178103,-8.4767573
Unknown,Unknown,33.2148732,-8.465935
Unknown,Unknown,33.218998,-8.4812157
Unknown,Unknown,33.2506507,-8.5146081
Unknown,Unknown,33.251,-8.5140516
Unknown,Unknown,33.2510814,-8.5142916
Banque Populaire البنك الشعبي,bank,33.2520335,-8.5144553
BMCE Bank البنك المغربي للتجارة الخارجية,bank,33.2528477,-8.5145491
Unknown,Unknown,33.2507525,-8.5146684
Unknown,Unknown,33.2507,-8.5146497
Unknown,Unknown,33.2506262,-8.5144891
Unknown,Unknown,33.2506456,-8.5144018
Unknown,Unknown,33.2507706,-8.5142383
Unknown,Unknown,33.2509056,-8.5141495
Unknown,Unknown,33.2511089,-8.5140088
Unknown,Unknown,33.2510135,-8.5143861
Unknown,Unknown,33.2509964,-8.5144612
Unknown,Unknown,33.2509781,-8.5145073
Pharmacie Ibn Toumart صيدلية ابن تومرت,pharmacy,33.2454154,-8.5112067
Unknown,Unknown,33.2458618,-8.5114456
Unknown,Unknown,33.2459931,-8.5115775
Unknown,Unknown,33.2430011,-8.5082337
Unknown,Unknown,33.2483781,-8.5009073
Unknown,Unknown,33.2482113,-8.5010241
Unknown,Unknown,33.2482678,-8.5011802
BMCI البنك المغربي للتجارة والصناعة,bank,33.2481777,-8.5011274
Unknown,Unknown,33.2474165,-8.5031976
Unknown,Unknown,33.2524917,-8.5020771
Unknown,Unknown,33.252113,-8.501655
Unknown,Unknown,33.2558408,-8.5035799
Unknown,Unknown,33.255816,-8.5036672
Unknown,Unknown,33.2459703,-8.5064699
Unknown,Unknown,33.2591325,-8.5119849
Unknown,Unknown,33.2517155,-8.5019865
Unknown,Unknown,33.251848,-8.5019569
Pharmacie Ibn Sina صيدلية ابن سينا,pharmacy,33.2589923,-8.5113928
Pharmacie Sidi Daoui صيدلية سيدي داوي,pharmacy,33.2593186,-8.5062584
Attijariwafa Bank التجاري وفا بنك,bank,33.2481732,-8.5007291
Pharmacie El Breija صيدلية البريجة,Unknown,33.2573997,-8.5059246
Unknown,Unknown,33.2563738,-8.5038292
Unknown,Unknown,33.2563319,-8.5039057
Unknown,Unknown,33.2560956,-8.5040034
Pharmacie Cité Portugaise,pharmacy,33.2566081,-8.5020192
BMCE Bank البنك المغربي للتجارة الخارجية,bank,33.2506933,-8.503194
Attijariwafa Bank التجاري وفا بنك,bank,33.2501673,-8.5055771
Banque Populaire البنك الشعبي,bank,33.2520425,-8.5035118
Unknown,Unknown,33.247627,-8.5030514
Unknown,Unknown,33.245997,-8.5066041
Pharmacie Nouvelle,pharmacy,33.250506,-8.506017
Credit Agricole Du Maroc,bank,33.2520358,-8.5040241
BMCE Bank البنك المغربي للتجارة الخارجية,bank,33.2308993,-8.4870592
Unknown,Unknown,33.233163,-8.4931505
Unknown,Unknown,33.2330746,-8.4932219
Unknown,Unknown,33.2329353,-8.4933811
Unknown,Unknown,33.2329308,-8.4934764
BMCE Bank البنك المغربي للتجارة الخارجية,bank,33.2293949,-8.4933597
Unknown,Unknown,33.2283595,-8.4937017
Unknown,Unknown,33.2283483,-8.4938103
Unknown,Unknown,33.2284807,-8.4941241
Unknown,Unknown,33.2285917,-8.4941322
Unknown,Unknown,33.2289493,-8.4936315
Unknown,Unknown,33.2289709,-8.4937459
Unknown,Unknown,33.2314654,-8.4934335
Unknown,Unknown,33.2298313,-8.4936869
Unknown,Unknown,33.2460953,-8.5063714
Unknown,Unknown,33.2461131,-8.5065271
Unknown,Unknown,33.2415899,-8.5031389
Unknown,Unknown,33.2429712,-8.5005574
Unknown,Unknown,33.2424597,-8.4993236
Unknown,Unknown,33.2412758,-8.4954585
Unknown,Unknown,33.2413372,-8.4954084
Unknown,Unknown,33.2363847,-8.4831003
Unknown,Unknown,33.2364385,-8.4828856
Unknown,Unknown,33.2331855,-8.492897
Unknown,Unknown,33.2434254,-8.5017534
Attijariwafa Bank التجاري وفا بنك,bank,33.2431585,-8.5007559
Unknown,Unknown,33.2292986,-8.4934635
Unknown,Unknown,33.2413922,-8.5005184
Unknown,Unknown,33.2414885,-8.5005213
BMCI البنك المغربي للتجارة والصناعة,bank,33.227425,-8.4933677
Unknown,Unknown,33.2278553,-8.4935139
Credit Agricole Du Maroc,bank,33.2279399,-8.4934603
Unknown,Unknown,33.2266178,-8.4934241
Unknown,Unknown,33.2286927,-8.4959185
Unknown,Unknown,33.2286074,-8.4960339
Unknown,Unknown,33.2359842,-8.5040966
Pharmacie Bouaddi صيدلية بوعدي,pharmacy,33.2394996,-8.5085826
Unknown,Unknown,33.2297494,-8.4973991
Unknown,Unknown,33.2301937,-8.4977129
CIH Bank القرض العقاري والسياحي,bank,33.2436789,-8.5225864
Attijariwafa Bank التجاري وفا بنك,bank,33.2450933,-8.5236995
Unknown,Unknown,33.2438001,-8.5220607
Unknown,Unknown,33.2438965,-8.522117
Unknown,Unknown,33.2435466,-8.5220204
Unknown,Unknown,33.2434703,-8.5222471
Unknown,Unknown,33.243536,-8.5224176
Unknown,Unknown,33.2436067,-8.5224867
Pharamcie El Mohit صيدلية المحيط,pharmacy,33.2460994,-8.4963799
Cafe Pizzeria Cavalca,restaurant,33.2448903,-8.495248
Whatsapp Food,fast_food,33.2433144,-8.4978712
Unknown,Unknown,33.2439044,-8.4973005
Unknown,Unknown,33.2439044,-8.4972301
Unknown,Unknown,33.2438842,-8.4972569
Unknown,Unknown,33.2461442,-8.4980502
Unknown,Unknown,33.2461577,-8.4980636
Cafe Glacier Chams,cafe,33.2471346,-8.4973535
Unknown,Unknown,33.2470936,-8.4972294
Unknown,Unknown,33.2468867,-8.4969451
Unknown,Unknown,33.2468138,-8.496915
Unknown,Unknown,33.245976,-8.4961747
Unknown,Unknown,33.2459468,-8.4960714
Unknown,Unknown,33.2452395,-8.4954372
Unknown,Unknown,33.2402261,-8.5284998
Unknown,Unknown,33.2403678,-8.5278737
Unknown,Unknown,33.2404407,-8.5279293
Unknown,Unknown,33.2408153,-8.5273887
Unknown,Unknown,33.2407583,-8.5269412
Unknown,Unknown,33.2408849,-8.5268477
Unknown,Unknown,33.2409707,-8.5269114
Unknown,Unknown,33.2419997,-8.5245476
Unknown,Unknown,33.2419466,-8.5247922
Unknown,Unknown,33.242209,-8.5247337
Unknown,Unknown,33.2421169,-8.5244728
Unknown,Unknown,33.2421939,-8.5245298
Unknown,Unknown,33.2425487,-8.5237402
Unknown,Unknown,33.2426089,-8.5238021
Unknown,Unknown,33.2374733,-8.5273038
Unknown,Unknown,33.2379753,-8.5277857
Unknown,Unknown,33.239417,-8.5295473
Unknown,Unknown,33.2394847,-8.5296065
Unknown,Unknown,33.2396876,-8.5291265
Unknown,Unknown,33.2397492,-8.529192
Unknown,Unknown,33.244162,-8.5135173
Unknown,Unknown,33.2415295,-8.5151246
Unknown,Unknown,33.2414962,-8.5150427
Unknown,Unknown,33.2406872,-8.5276222
BMCE Bank البنك المغربي للتجارة الخارجية,bank,33.2452189,-8.5244894
Banque Populaire البنك الشعبي,bank,33.2366337,-8.5227647
Société Générale سوسيتيه جنرال,bank,33.2404239,-8.5270482
Attijariwafa Bank التجاري وفا بنك,bank,33.2436374,-8.5136264
BMCI البنك المغربي للتجارة والصناعة,bank,33.2350958,-8.524079
Unknown,Unknown,33.2397251,-8.529568
Pharmacie Imam Malek صيدلية الامام مالك,pharmacy,33.2492981,-8.525392
Pharmacie Hajji,pharmacy,33.2476359,-8.5265621
Unknown,Unknown,33.2449968,-8.520503
Unknown,Unknown,33.2450432,-8.5205854
Unknown,Unknown,33.2450181,-8.5201791
Unknown,Unknown,33.2453109,-8.52056
Unknown,Unknown,33.2452643,-8.5201242
Unknown,Unknown,33.245333,-8.5202118
Unknown,Unknown,33.245997,-8.5190184
Unknown,Unknown,33.2463931,-8.5187923
Unknown,Unknown,33.2462654,-8.5189969
Unknown,Unknown,33.2463125,-8.5190633
Unknown,Unknown,33.2470662,-8.518547
Unknown,Unknown,33.2478254,-8.5172369
Unknown,Unknown,33.247743,-8.5173548
Unknown,Unknown,33.2482585,-8.5172999
Unknown,Unknown,33.2477764,-8.5177482
Unknown,Unknown,33.2483128,-8.5174908
Unknown,Unknown,33.2483061,-8.5176531
Unknown,Unknown,33.2466937,-8.5310721
Unknown,Unknown,33.2448644,-8.5323432
Unknown,Unknown,33.2447237,-8.5322269
Société Générale سوسيتيه جنرال,bank,33.2512081,-8.5177504
Attijariwafa Bank التجاري وفا بنك,bank,33.2561847,-8.5151251
Unknown,Unknown,33.2529111,-8.5032891
Unknown,Unknown,33.2523639,-8.5029689
Unknown,Unknown,33.2520235,-8.50276
Unknown,Unknown,33.2520055,-8.5026742
Bien Venue Cafe,cafe,33.2468699,-8.5003388
Credit Agricole Du Maroc,bank,33.2559857,-8.5149086
Wafa Assurance,Unknown,33.2524272,-8.5026026
Unknown,Unknown,33.2515817,-8.5022897
Bank Al-Machrib,bank,33.2509894,-8.5020393
Société Générale et Para Pharmacie,bank;pharmacy,33.2508705,-8.5019723
Espace Palmiers,restaurant,33.2483167,-8.5008618
Cafe Dikra,cafe,33.247886,-8.500662
Wafacash,bank,33.2478143,-8.500611
Unknown,Unknown,33.2462782,-8.4997671
Banque Populaire البنك الشعبي,bank,33.2459244,-8.4995154
Chirurgien Dentiste,dentist,33.2450507,-8.4990996
Cash Plus,atm,33.2442173,-8.4987322
Wafacash,bank,33.2437619,-8.4986275
Unknown,Unknown,33.2559862,-8.5151245
Unknown,Unknown,33.2559059,-8.5150006
Unknown,Unknown,33.2558197,-8.5151272
Unknown,Unknown,33.2559116,-8.5152934
Unknown,Unknown,33.2530423,-8.5031359
Unknown,Unknown,33.2528889,-8.5030644
Unknown,Unknown,33.2525797,-8.5029213
Attijariwafa Bank التجاري وفا بنك,bank,33.252333,-8.5025489
Unknown,Unknown,33.2521048,-8.5027235
Unknown,Unknown,33.2514209,-8.5023864
Pharmacie Moulha,pharmacy,33.2526806,-8.5184544
Unknown,Unknown,33.2448409,-8.5322443
Unknown,Unknown,33.244768,-8.5323577
Credit Agricole Du Maroc,bank,33.24617,-8.5188407
Unknown,Unknown,33.2462864,-8.5186948
Attijariwafa Bank التجاري وفا بنك,bank,33.2501639,-8.5175693
CIH Bank القرض العقاري والسياحي,bank,33.2557917,-8.5145934
BMCE Bank البنك المغربي للتجارة الخارجية,bank,33.2540904,-8.5185684
Pharmacie Rabi صيدلية ربيع,pharmacy,33.2583183,-8.5142232
Banque Populaire البنك الشعبي,bank,33.255878,-8.5130712
Unknown,Unknown,33.2442835,-8.464369
Unknown,Unknown,33.2442094,-8.4643208
Unknown,Unknown,33.2477956,-8.5178435
Burn out,Unknown,33.2539013,-8.5127491
Unknown,fuel,33.2286941,-8.5430526
Maison D'Hôtes Cité Portugaise,Unknown,33.2560715,-8.5019626
Le Lokal,cafe,33.2564293,-8.5022557
Unknown,cafe,33.2303194,-8.5281596
Unknown,college,33.2315369,-8.5265377
Unknown,cafe,33.2331907,-8.5297025
االبنك المغربي للتجا,bank,33.2376596,-8.5318203
Unknown,Unknown,33.2306602,-8.5292669
Unknown,Unknown,33.2308006,-8.5274651
Unknown,Unknown,33.2358524,-8.5239669
Unknown,school,33.2326785,-8.5302321
Unknown,cafe,33.2300864,-8.5284497
Unknown,bank,33.2357558,-8.5239896
Unknown,Unknown,33.2508178,-8.5033427
Acima,Unknown,33.2432681,-8.5134649
stade abdi,Unknown,33.2415414,-8.4932136
careffpur;Label Vie careffour,Unknown,33.2398571,-8.4965224
Unknown,Unknown,33.2459288,-8.4962146
Unknown,Unknown,33.2492283,-8.4990754
Unknown,Unknown,33.2444937,-8.4947874
Unknown,Unknown,33.2520632,-8.5026058
Unknown,restaurant,33.2561297,-8.5031189
Unknown,restaurant,33.2561281,-8.5031071
Unknown,restaurant,33.2520138,-8.5027505
Unknown,Unknown,33.2518716,-8.502706
Unknown,restaurant,33.2558782,-8.5044619
Unknown,Unknown,33.2540048,-8.5082318
Unknown,Unknown,33.2536284,-8.5090198
Unknown,restaurant,33.2516279,-8.5025929
Unknown,restaurant,33.2517946,-8.5026764
شل,fuel,33.2054114,-8.4931904
Unknown,Unknown,33.2478203,-8.5006799
Sabrina car,car_rental,33.2516406,-8.5045885
المحطة الطرقية الجديدة,bus_station,33.2449853,-8.4996037
Unknown,cafe,33.2385983,-8.5325791
ISQE El Jadida,language_school,33.2509771,-8.5012613
Unknown,fuel,33.1868134,-8.4910928
Unknown,Unknown,33.2468496,-8.5085187
Unknown,Unknown,33.236387,-8.471398
Unknown,Unknown,33.2504837,-8.5059144
Unknown,Unknown,33.2477133,-8.5094116
Unknown,Unknown,33.2445029,-8.5070405
Unknown,Unknown,33.2432758,-8.5158413
Unknown,Unknown,33.2437967,-8.522471
Près clinique des palmiers,Unknown,33.243805,-8.4928461
Unknown,Unknown,33.2200327,-8.5245229
Unknown,Unknown,33.2270548,-8.5072602
Unknown,atm,33.2435875,-8.5226274
Unknown,fuel,33.2497017,-8.5160863
Unknown,Unknown,33.2565095,-8.5025487
LC WAIKIKI,Unknown,33.2250629,-8.5316515
Restaurant du port,restaurant,33.2556771,-8.5003441
Unknown,Unknown,33.2368035,-8.4648859
Unknown,Unknown,33.2312283,-8.4587383
Unknown,Unknown,33.2333465,-8.4537437
Unknown,Unknown,33.2319104,-8.4637272
Unknown,Unknown,33.2238108,-8.4687375
Unknown,Unknown,33.2278854,-8.4667849
Unknown,Unknown,33.2237502,-8.4823015
Unknown,Unknown,33.2261353,-8.4705318
Unknown,Unknown,33.2193097,-8.4751212
Unknown,Unknown,33.2249775,-8.467037
Unknown,Unknown,33.2250336,-8.4725302
Unknown,Unknown,33.2284687,-8.4654357
Unknown,Unknown,33.2243627,-8.4752016
Unknown,Unknown,33.2325835,-8.4555089
Unknown,Unknown,33.2214548,-8.4720152
Unknown,Unknown,33.2307729,-8.4630593
Unknown,Unknown,33.2296982,-8.4624236
Unknown,Unknown,33.2228168,-8.4809201
Unknown,Unknown,33.2318296,-8.457322
Unknown,Unknown,33.225774,-8.4702798
Unknown,Unknown,33.2268555,-8.4711567
Unknown,Unknown,33.2243089,-8.4748503
Unknown,Unknown,33.222644,-8.4703254
Unknown,Unknown,33.2256192,-8.4649315
Unknown,Unknown,33.2264045,-8.4707063
Unknown,Unknown,33.2324556,-8.4640732
Unknown,Unknown,33.230461,-8.4605943
Unknown,Unknown,33.2262699,-8.4629037
Unknown,Unknown,33.234376,-8.4645935
Unknown,Unknown,33.2273357,-8.4680884
Unknown,Unknown,33.2218699,-8.4795066
Unknown,Unknown,33.2250538,-8.4735199
Unknown,Unknown,33.2225094,-8.4786134
Unknown,Unknown,33.2218183,-8.4784954
Unknown,Unknown,33.2220045,-8.478828
Unknown,Unknown,33.2230097,-8.4783558
Unknown,Unknown,33.2222222,-8.4792169
Unknown,Unknown,33.2362448,-8.4648322
Unknown,Unknown,33.2290274,-8.4640812
Unknown,Unknown,33.2229088,-8.4781628
Unknown,Unknown,33.2221279,-8.4790399
Unknown,Unknown,33.2203104,-8.4736513
Rose Gallery,Unknown,33.2545423,-8.5035092
Unknown,Unknown,33.2245012,-8.4525718
Unknown,Unknown,33.227519,-8.4587543
Unknown,Unknown,33.2253583,-8.4515847
Unknown,Unknown,33.2221004,-8.455608
Unknown,Unknown,33.2213195,-8.4566005
Unknown,Unknown,33.2348667,-8.4501739
Unknown,Unknown,33.2285623,-8.4483929
Unknown,Unknown,33.2229216,-8.4546317
Unknown,Unknown,33.2286049,-8.4550743
Unknown,Unknown,33.229195,-8.4531645
Unknown,Unknown,33.2274854,-8.4494014
Unknown,Unknown,33.2280306,-8.4569867
Unknown,Unknown,33.2237024,-8.4535642
Unknown,Unknown,33.2265071,-8.4503938
Unknown,Unknown,33.2297739,-8.4512521
ابن داوود,Unknown,33.2386389,-8.526619
Pharmacie Lissasfa صيدلية ليساسفة,pharmacy,33.2031072,-8.4930913
Pharmacie Espace Al Amal صيدلية فضاء الأمل,pharmacy,33.2100867,-8.4938533
Pharmacie Al Yacout صيدلية الياقوت,pharmacy,33.2128784,-8.494894
Pharmacie Malika صيدلية مليكة,pharmacy,33.2196501,-8.4953668
Pharmacie Atlas صيدلية أطلس,pharmacy,33.218918,-8.4920413
Pharmacie Jebli صيدلية جبلي,pharmacy,33.2230377,-8.4958124
Pharmacie Hay Salam صيدلية حي السلام,pharmacy,33.225935,-8.496973
Pharmacie Route De Marrakech صيدلية طريق مراكش,pharmacy,33.2219292,-8.491993
Pharmacie Al Balssam صيدلية البلسم,pharmacy,33.224309,-8.4930444
Pharmacie Al Mahabba صيدلية المحبة,pharmacy,33.2237501,-8.5006604
Pharmacie Khalil Jabrane صيدلية خليل جبران,pharmacy,33.228664,-8.5198234
Pharmacie Al Adarissa  صيدلية الأدارسة,pharmacy,33.2282597,-8.503073
Pharmacie Islam صيدلية اسلام,pharmacy,33.2213762,-8.5031173
Pharmacie Sherif صيدلية شريف,pharmacy,33.2260032,-8.5020405
Pharmacie Najd 2 صيدلية نجد,pharmacy,33.2268176,-8.5050351
Pharmacie Jnane El Matar صيدلية جنان المطار,pharmacy,33.2274883,-8.5165511
Pharmacie Commerciale صيدلية التجارية,pharmacy,33.2285682,-8.5074284
Pharmacie Belfadla صيدلية بلفاضلا,pharmacy,33.2305078,-8.5050155
Pharmacie Ibn Rochd صيدلية ابن رشد,pharmacy,33.2316848,-8.5006298
Pharmacie L'Afrique صيدلية أفريقيا,pharmacy,33.2281448,-8.4816342
Pharmacie Azzaytouna صيدلية الزيتونة,pharmacy,33.2278895,-8.4997064
Pharmacie Cité Universitaire صيدلية الحي الجامعي,pharmacy,33.2244685,-8.4828123
Pharmacie Al Ghazwa صيدلية الغزوة,pharmacy,33.2332186,-8.5050348
Pharmacie Grande Al Hawzia الصيدلية الكبرى للحوزية,pharmacy,33.2298637,-8.4704769
Pharmacie Al Boustane الصيدلية البستان,pharmacy,33.2320673,-8.4866693
Pharmacie Al Hamrae الصيدلية الحمراء,pharmacy,33.2366511,-8.4819431
Pharmacie Al Masjid صيدلية المسجد,pharmacy,33.2353919,-8.4871536
Pharmacie El Kawassim صيدلية القواسم,pharmacy,33.2355304,-8.477676
Pharmacie Al Wahat الصيدلية الواحات,pharmacy,33.2326482,-8.4818477
Pharmacie Le Grand Parc صيدلية البارك الكبير,pharmacy,33.2377999,-8.5111008
Pharmacie Sid Moussa صيدلية سيدي موسى,pharmacy,33.2333471,-8.492578
Pharmacie Marjana صيدلية مرجانة,pharmacy,33.2274216,-8.5276798
Pharmacie Liban صيدلية لبنان,pharmacy,33.2438546,-8.487045
Pharmacie Hakima صيدلية حكيمة,pharmacy,33.2376599,-8.4914393
Pharmacie La Famille صيدلية الأسرة,pharmacy,33.2354286,-8.4903909
Pharmacie Jawhara صيدلية جوهرة,pharmacy,33.2269657,-8.4935786
Pharmacie Achour صيدلية اشور,pharmacy,33.2373077,-8.5034253
Pharmacie Al Jahidi صيدلية الجاهدي,pharmacy,33.229685,-8.493702
Pharmacie La Pleiade صيدلية الديوان,pharmacy,33.2313479,-8.5190773
Pharmacie Belhaj صيدلية بلحاج,pharmacy,33.2305618,-8.5325049
Pharmacie Al Qods صيدلية القدس,pharmacy,33.2414657,-8.4976722
Pharmacie Moulay Driss صيدلية مولاي ادريس,pharmacy,33.2322965,-8.4952411
Pharmacie Ouassat El Jadida صيدلية وسط الجديدة,pharmacy,33.2357009,-8.5193437
Pharmacie Oasis صيدلية الواحة,pharmacy,33.2285544,-8.5247937
Pharmacie Izdihar صيدلية ازدهار,pharmacy,33.2292485,-8.5125414
Pharmacie Fadwa صيدلية فدوى,pharmacy,33.2263896,-8.5219398
Pharmacie Saqr صيدلية صقر,pharmacy,33.2400215,-8.5336317
Pharmacie Natale صيدلية ناتال,pharmacy,33.2328583,-8.5354618
Pharmacie Ibrahim Al Khalil صيدلية ابراهيم الخليل,pharmacy,33.2353346,-8.5329315
Pharmacie Hacienda صيدلية هاسياندا,pharmacy,33.2296809,-8.549818
Pharmacie Acharif Al Idrissi صيدلية الشريف الادريسي,pharmacy,33.2305274,-8.5275179
Pharmacie Melk Cheikh صيدلية ملك الشيخ,pharmacy,33.2342323,-8.5273791
Pharmacie Diamant Vert صيدلية الماسة الزرقاء,pharmacy,33.2272265,-8.5461774
Pharmacie Iness صيدلية اناس,pharmacy,33.2325687,-8.549439
Pharmacie Lawina صيدلية لعوينة,pharmacy,33.2549857,-8.5174514
Pharmacie Pierre De Corail صيدلية حجر المرجان,pharmacy,33.2239565,-8.5280094
Pharmacie Sanaa صيدلية سناء,pharmacy,33.2477286,-8.5319524
Pharmacie Sidi Bouzid صيدلية سيدي بوزيد,pharmacy,33.2307949,-8.5520103
Pharmacie Hajji صيدلية حاجي,pharmacy,33.2470734,-8.5279156
Pharmacie Cotière صيدلية الساحل,pharmacy,33.24834,-8.5220595
Pharmacie Narjiss صيدلية نرجس,pharmacy,33.2510941,-8.524019
Pharmacie El Araki صيدلية العراقي,pharmacy,33.2462122,-8.53353
Pharmacie Azur صيدلية أزور,pharmacy,33.2382287,-8.5468333
Pharmacie Les Fleurs صيدلية الورود,pharmacy,33.2396834,-8.5368492
Pharmacie Mazagan صيدلية مازاكان,pharmacy,33.2507218,-8.5267656
Pharmacie Al Moujahid Al Ayachi صيدلية المجاهد العياشي,pharmacy,33.2453685,-8.5254802
Pharmacie Essaada صيدلية السعادة,pharmacy,33.2428516,-8.5252388
Pharmacie Najih صيدلية نجيح,pharmacy,33.243207,-8.5312016
Pharmacie et Laboratoire Imane صيدلية و مختبر ايمان,pharmacy,33.2441971,-8.4953457
Pharmacie Ennakhil صيدلية النخيل,pharmacy,33.2430644,-8.4921565
Pharmacie Amoury صيدلية عموري,pharmacy,33.2538389,-8.5190577
Pharmacie Omar Ben Khattab صيدلية عمر بن الخطاب,pharmacy,33.2337008,-8.5267311
Pharmacie La Province صيدلية العمالة,pharmacy,33.2455496,-8.5072168
Pharmacie Al Nasr صيدلية النصر,pharmacy,33.2535995,-8.5213942
Pharmacie Polyclinique صيدلية بوليكلينيك,pharmacy,33.245858,-8.5191703
Pharmacie Lina صيدلية لينا,pharmacy,33.2423192,-8.517643
Pharmacie Al Moukawana صيدلية المقاومة,pharmacy,33.2432892,-8.501845
Pharmacie Oscar صيدلية أوسكار,pharmacy,33.2497932,-8.499538
Pharmacie Moderne الصيدلية الحديثة,pharmacy,33.2559889,-8.5147903
Pharmacie Populaire الصيدلية الشعبية,pharmacy,33.254729,-8.506892
Pharmacie Derb El Hajjaj صيدلية درب الحجاج,pharmacy,33.256307,-8.5049972
Pharmacie Du Soleil صيدلية الشمس,pharmacy,33.2529301,-8.5102769
Pharmacie De France صيدلية فرنسا,pharmacy,33.2575825,-8.5095417
Pharmacie El Manar صيدلية المنار,pharmacy,33.2516084,-8.5126459
Pharmacie Semlali صيدلية سملالي,pharmacy,33.2501654,-8.5105099
Pharmacie La Paix صيدلية السلام,pharmacy,33.2533024,-8.5121384
Pharmacie Al Fath صيدلية الفتح,pharmacy,33.248388,-8.5061099
Pharmacie El Breija صيدلية البريجة,pharmacy,33.2573063,-8.5060371
Pharmacie Belbachir صيدلية بلبشير,pharmacy,33.2603491,-8.5099483
Pharmacie Des Doukkala صيدلية دكالة,pharmacy,33.2500867,-8.5040503
Pharmacie Lalla Zahra صيدلية لالة زهرة,pharmacy,33.2536882,-8.5146733
Pharmacie Dikra صيدلية ذكرى,pharmacy,33.2477695,-8.499859
Pharmacie Bouchtia صيدلية بوشتية,pharmacy,33.2527036,-8.503733
Pharmacie El Ghorba صيدلية الغربة,pharmacy,33.2216212,-8.4765585
Pharmacie Khansae صيدلية الخنساء,pharmacy,33.2523503,-8.5245989
Pharmacie El Massira صيدلية المسيرة,pharmacy,33.2473793,-8.5007258
Pharmacie Annour صيدلية النور,pharmacy,33.2422827,-8.5273172
Pharmacie Gasmy صيدلية كاسمي,pharmacy,33.2522558,-8.5029574
Pharmacie Jorf صيدلية جرف,pharmacy,33.2521751,-8.5089011
Pharmacie Des Unions صيدلية الاتحاد,pharmacy,33.2465224,-8.5001893
Pharmacie La Victoire صيدلية النصر,pharmacy,33.2499096,-8.5206546
Pharmacie Dolphine صيدلية الدلفين,pharmacy,33.2490392,-8.5295434
Pharmacie Hay Lmatar صيدلية حي المطار,pharmacy,33.2316791,-8.5243105
Pharmacie Varenne صيدلية فارين,pharmacy,33.2371773,-8.5170182
Pharmacie Al Kheir صيدلية الخير,pharmacy,33.2508749,-8.5211566
Pharmacie Attissir صيدلية التيسير,pharmacy,33.2387467,-8.496767
Pharmacie Timouyasse صيدلية تيموياس,pharmacy,33.2359803,-8.4943638
Pharmacie Espace Al Massira صيدلية فضاء المسيرة,pharmacy,33.2398457,-8.4926873
Pharmacie Shahme صيدلية شهم,pharmacy,33.2261546,-8.5103572
Pharmacie Al Kawtar صيدلية الكوثر,pharmacy,33.2386379,-8.5264582
Pharmacie Chergui صيدلية الشرقي,pharmacy,33.2177739,-8.4708828
Pharmacie La Santé صيدلية الصحة,pharmacy,33.2377031,-8.5310191
Pharmacie l'Océan صيدلية المحيط,pharmacy,33.2436343,-8.522587
Pharmacie Karim صيدلية كريم,pharmacy,33.2403059,-8.5244509
Pharmacie Les Parents صيدلية الأبوين,pharmacy,33.2435201,-8.51347
الحياني ديكور للتأثيث,Unknown,33.2298857,-8.5245945
Hotel de nice,Unknown,33.2545519,-8.5044431
Abdelhak,Unknown,33.2434795,-8.5308626
Unknown,nursing_home,33.2311812,-8.5221252
Unknown,Unknown,33.2333279,-8.485688
Mille d'Or,Unknown,33.2304126,-8.4846854
Mille d'Or,cafe,33.2304437,-8.4845338
Unknown,place_of_worship,33.2279896,-8.4816261
Adresse House,cafe,33.2293625,-8.4874194
Unknown,Unknown,33.255,-8.4933333
Unknown,Unknown,33.2572222,-8.4916667
Unknown,restaurant,33.254105,-8.5013667
Unknown,Unknown,33.2059599,-8.4898379
Unknown,Unknown,33.2359438,-8.5332951
Western Union,bank,33.2533129,-8.5114038
Café Amira,cafe,33.2523602,-8.5145133
L1-L6-L19 douar dar kaid,Unknown,33.2056293,-8.4926607
douar kaid hamou,Unknown,33.2034092,-8.4941679
L1-L6-L19 douar dar kaid,Unknown,33.2058531,-8.4929506
L5 av jabrane khalil jabrane,Unknown,33.2443461,-8.4781766
L5 av jabrane khalil jabrane,Unknown,33.2445794,-8.4780813
L5 sidi misbah,Unknown,33.2454646,-8.4595577
L5 sidi misbah,Unknown,33.2456066,-8.4597818
L6-L14 Bir Anzaren,Unknown,33.240149,-8.4971727
L6 Avenue Khalil Jabrane,Unknown,33.2265385,-8.4935229
L6 Avenue Khalil Jabrane,Unknown,33.2265977,-8.4931313
L10 Douar Chahab,Unknown,33.2301453,-8.4709213
L6 stade el aabdi,Unknown,33.2400628,-8.492579
L6 stade el aabdi,Unknown,33.2399314,-8.4927714
L14-19 gare routiere,Unknown,33.2453248,-8.4993094
L19 mohamed trii,Unknown,33.2593256,-8.5070406
L19 mohamed trii,Unknown,33.2591187,-8.5071703
L19 fkih rifi,Unknown,33.2582392,-8.5103347
L19 lala meryem,Unknown,33.2554542,-8.5114449
L19 hopital mohamed v,Unknown,33.2507583,-8.5105893
L19 av hassan II,Unknown,33.2503911,-8.5061328
L19complex d'artisanat,Unknown,33.2477669,-8.5095969
L19 Banque Al Maghreb,Unknown,33.2511675,-8.5021852
L19 Place de France,Unknown,33.2423691,-8.4984695
L6-L14 Bir Anzaren,Unknown,33.2400839,-8.497492
L19 Tikni,Unknown,33.190477,-8.4919735
Unknown,parking,33.2579746,-8.5062526
Unknown,Unknown,33.2289521,-8.5318461
Unknown,Unknown,33.2422714,-8.4901712
Unknown,parking,33.2276447,-8.5535064
Unknown,parking,33.2310323,-8.5537608
Unknown,parking,33.232887,-8.5521929
Café Malmo FF,cafe,33.2296382,-8.4932363
Unknown,Unknown,33.2412231,-8.4739192
Unknown,Unknown,33.2408277,-8.4732619
Unknown,Unknown,33.2413246,-8.4668423
Unknown,Unknown,33.2412584,-8.4671465
